"Abandon"の意味は？,放棄する,達成する,適合する,獲得する,"Abandon"の意味は「放棄する」です。
"Inevitable"の意味は？,避けられない,可能な,偶然の,確実な,"Inevitable"の意味は「避けられない」です。
"Exaggerate"の意味は？,誇張する,控える,達成する,実行する,"Exaggerate"の意味は「誇張する」です。
"Reliable"の意味は？,信頼できる,曖昧な,複雑な,不安定な,"Reliable"の意味は「信頼できる」です。
"Resilient"の意味は？,回復力のある,繊細な,怠惰な,静的な,"Resilient"の意味は「回復力のある」です。
"Circumstance"の意味は？,状況,競争,理解,成果,"Circumstance"の意味は「状況」です。
"Illuminate"の意味は？,照らす,壊す,隠す,適合する,"Illuminate"の意味は「照らす」です。
"Obtain"の意味は？,得る,放棄する,探求する,終了する,"Obtain"の意味は「得る」です。
"Hesitate"の意味は？,ためらう,支持する,実行する,加速する,"Hesitate"の意味は「ためらう」です。
"Persist"の意味は？,持続する,失敗する,進化する,分離する,"Persist"の意味は「持続する」です。
"Meticulous"の意味は？,几帳面な,適当な,確信に満ちた,賢明な,"Meticulous"の意味は「几帳面な」です。
"Diverse"の意味は？,多様な,独占的な,均一な,一致した,"Diverse"の意味は「多様な」です。
"Constitute"の意味は？,構成する,支配する,占有する,急速に変化する,"Constitute"の意味は「構成する」です。
"Comprehensive"の意味は？,包括的な,部分的な,限定的な,詳細な,"Comprehensive"の意味は「包括的な」です。
"Inhibit"の意味は？,抑制する,促進する,推進する,解放する,"Inhibit"の意味は「抑制する」です。
"Knowledge"の意味は？,知識,辞書,経験,方法,"Knowledge"の意味は「知識」です。
"Curiosity"の意味は？,好奇心,冒険心,闘争心,冷静さ,"Curiosity"の意味は「好奇心」です。
「ケーキ」の正しいスペルはどれ？,Cake,Kake,Cayk,Kayk,正しいスペルは"Cake"です。
「犬」の正しいスペルはどれ？,Dog,Dawg,Doog,Dogg,正しいスペルは"Dog"です。
「木」の正しいスペルはどれ？,Tree,Trea,Trey,Trie,正しいスペルは"Tree"です。
「人参」の正しいスペルはどれ？,Carrot,Caret,Karrot,Carrott,正しいスペルは"Carrot"です。
「家」の正しいスペルはどれ？,House,Howse,Haus,Hause,正しいスペルは"House"です。
「バナナ」の正しいスペルはどれ？,Banana,Banenne,Bananna,Banena,正しいスペルは"Banana"です。
「椅子」の正しいスペルはどれ？,Chair,Chaire,Chayr,Chare,正しいスペルは"Chair"です。
「コンピューター」の正しいスペルはどれ？,Computer,Computar,Compueter,Computor,正しいスペルは"Computer"です。
「電話」の正しいスペルはどれ？,Phone,Fone,Phown,Pfone,正しいスペルは"Phone"です。
「学校」の正しいスペルはどれ？,School,Scool,Skool,Schul,正しいスペルは"School"です。
「窓」の正しいスペルはどれ？,Window,Wyndow,Winndow,Windo,正しいスペルは"Window"です。
「庭」の正しいスペルはどれ？,Garden,Gaurden,Gardene,Garrden,正しいスペルは"Garden"です。
「テーブル」の正しいスペルはどれ？,Table,Tabel,Teble,Tayble,正しいスペルは"Table"です。
「水曜日」の正しいスペルはどれ？,Wednesday,Wendseday,Wedensday,Wedenesday,正しいスペルは"Wednesday"です。
「免許」の正しいスペルはどれ？,License,Lisense,Lisence,Licinse,正しいスペルは"License"です。
「テクニック」の正しいスペルはどれ？,Technique,Techneque,Technick,Technich,正しいスペルは"Technique"です。
「コンプライアンス」の正しいスペルはどれ？,Compliance,Complience,Compliense,Complianse,正しいスペルは"Compliance"です。